"Document Title",Authors,"Author Affiliations","Publication Title",Date Added To Xplore,"Publication Year","Volume","Issue","Start Page","End Page","Abstract","ISSN",ISBNs,"DOI",Funding Information,PDF Link,"Author Keywords","IEEE Terms","Mesh_Terms",Article Citation Count,Patent Citation Count,"Reference Count","License",Online Date,Issue Date,"Meeting Date","Publisher",Document Identifier
"An Analogy of Endometriosis Recognition Using Machine Learning Techniques","S. Visalaxi; D. Punnoose; T. S. Muthu","Department of Computer Science and Engineering, Hindustan Institute of Technology and Science, Padur, Chennai; Department of Computer Science and Engineering, Hindustan Institute of Technology and Science, Padur, Chennai; Department of Computer Science and Engineering, Hindustan Institute of Technology and Science, Padur, Chennai",2021 Third International Conference on Intelligent Communication Technologies and Virtual Mobile Networks (ICICV),"31 Mar 2021","2021","","","739","746","Endometriosis is a gynecological disorder which occurs in the age group of 15-45 years. In normal cases endometrial tissue is found inside the lining of uterus but in case f endometrium, tissue is found outside the uterus. In advanced cases these tissues may line other organs such as Kidneys, Pancreas, Liver and Intestines which is called as Deep endometriosis. Endometriosis is both symptomatic and asymptomatic. The symptoms of endometriosis is similar to other symptoms such as pelvic pain, inflammatory disease etc. Unfortunately it can be diagnosed only through laparoscopic procedures. The Laparoscopic procedures causes unrepairable wound, health challenges to the women. This paper surveys various methodologies of identifying the presence of endometriosis through the medical images using machine learning techniques includes “ Logistic Regression, Convolutional Neural network, Artificial Neural Network, Neural Network, Support Vector Machines(SVM), Naive Bayes, Decision Tree” etc.. This survey illustrated the pros and cons of the various methods.","","978-1-6654-1960-4","10.1109/ICICV50876.2021.9388403","","https://ieeexplore.ieee.org/stamp/stamp.jsp?arnumber=9388403","Logistic Regression;Neural Network;Support Vector Machine;Naïve Bayes;Machine Learning","Support vector machines;Laparoscopes;Deep learning;Machine learning algorithms;Prediction algorithms;Logistics;Cancer","","15","","17","IEEE","31 Mar 2021","4-6 Feb. 2021","4-6 Feb. 2021","IEEE","IEEE Conferences"
"A Systematic Review of Machine Learning for Ovarian Cyst Detection using Ultrasound Images","A. Gupta; H. Fatima","Department of Computer Science and Engineering, Sharda University, Greater Noida, India; Department of Computer Science and Engineering, Sharda University, Greater Noida, India",2023 2nd International Conference on Applied Artificial Intelligence and Computing (ICAAIC),"8 Jun 2023","2023","","","201","206","Ovaries play an immensely vital role in female reproductive system and endocrine system. They secrete essential hormones which are responsible for proper development of female and boost healthy fertility. But sometimes ovaries get affected with fluid filled sacs that form in or on them called as cysts. Many of these ovarian cysts are non-cancerous (benign). However, few of them are malignant and need to be diagnosed and treated at an early stage. Ultrasound or sonography has proved to be an effective technique for making far-reaching results to assist physician's viewpoint in diagnosis, medical care, and treatment of patients. For this, a Systematic Literature Review (SLR) has been conducted. The SLR was done manually by searching different digital libraries, like Springer, Science Direct, Elsevier, IEEE Xplore and Google Scholar. From this extensive search, 13 studies were selected. Agreeable to the literature survey, relevant research works were specified in relation to the machine learning applications for detection and classification of ovarian cyst.","","978-1-6654-5630-2","10.1109/ICAAIC56838.2023.10140444","","https://ieeexplore.ieee.org/stamp/stamp.jsp?arnumber=10140444","Ovarian Cyst Detection;Ovarian Cyst Classification;Machine Learning;Deep Learning;Ultrasound Image","Surveys;Ultrasonic imaging;Systematics;Fluids;Endocrine system;Medical services;Machine learning","","4","","17","IEEE","8 Jun 2023","4-6 May 2023","4-6 May 2023","IEEE","IEEE Conferences"
"EndoInsights : Machine Learning Powered Insights for Better Endometriosis Care","R. M. R.; S. C. Sequeira; A. G Y; S. S. Shriyan; V. P. Poojari","Information Science and Engineering, A.J. Institute of Engineering and Technology, Mangalore, India; Information Science and Engineering, A.J. Institute of Engineering and Technology, Mangalore, India; Information Science and Engineering, A.J. Institute of Engineering and Technology, India; Information Science and Engineering, A.J. Institute of Engineering and Technology, Mangalore, India; Information Science and Engineering, A.J. Institute of Engineering and Technology, India",2025 International Conference on Intelligent Systems and Pioneering Innovations in Robotics and Electric Mobility (INSPIRE),"29 Dec 2025","2025","","","554","559","Endometriosis is a widely prevalent condition that continues to be overlooked or misdiagnosed in women, primarily because of the limitations of standard ultrasound imaging and the heavy dependence on invasive diagnostic procedures. To tackle this, our project presents a smart diagnostic solution powered by artificial intelligence. At its core is a unified deep learning framework that integrates the capabilities of Convolutional Neural Networks (CNNs) and Vision Transformers (ViTs) to better analyze ultrasound images. Designed to run efficiently on regular CPUs, the system can be easily deployed even in resource-constrained clinical settings. It features robust preprocessing techniques, performs real-time lesion detection, and uses SmoothGrad to visually explain how predictions are made. With this approach, we aim to make endometriosis diagnosis faster, more accurate, and accessible without the need for invasive procedures.","","979-8-3315-8644-7","10.1109/INSPIRE67328.2025.11300576","","https://ieeexplore.ieee.org/stamp/stamp.jsp?arnumber=11300576","Endometriosis;Deep Learning;Ultrasound Imaging;Vision Transformers","Deep learning;Computer vision;Technological innovation;Ultrasonic imaging;Imaging;Transformer cores;Transformers;Real-time systems;Lesions;Standards","","","","15","IEEE","29 Dec 2025","20-21 Nov. 2025","20-21 Nov. 2025","IEEE","IEEE Conferences"
"Ultrasound Texture Analysis for the Diagnosis of Adenomyosis","F. Delberghe; Z. Gong; C. D. Fernandes; C. Rees; H. Van Vliet; M. Mischi","Biomedical Diagnostics Group, Eindhoven University of Technology, Eindhoven, The Netherlands; Biomedical Diagnostics Group, Eindhoven University of Technology, Eindhoven, The Netherlands; Biomedical Diagnostics Group, Eindhoven University of Technology, Eindhoven, The Netherlands; Gynecology department, Catarina Hospital, Eindhoven, The Netherlands; Gynecology department, Catarina Hospital, Eindhoven, The Netherlands; Biomedical Diagnostics Group, Eindhoven University of Technology, Eindhoven, The Netherlands",2025 IEEE Medical Measurements & Applications (MeMeA),"10 Jul 2025","2025","","","1","6","Adenomyosis is a common gynecological disease, with transvaginal ultrasonography being the first-line imaging method to diagnose it, based on the qualitative morphological uterus sonographic assessment (MUSA). However, the accuracy of diagnosis depends largely on a clinician's expertise, and scan's quality, often requiring additional investigations by MRI. To enable wider access to accurate and robust diagnostics by ultrasonography, computer-aided diagnosis tools are promising. The use of texture features, serving as a surrogate for the human visual system, can be used to quantitatively analyze ultrasound images. In this study, histogram and gray level co-occurrence matrix features, are used to quantify the texture from 2D grayscale ultrasound images of the uterus. Then several machine learning classifiers are trained to predict the presence or adenomyosis from a dataset of 37 patients with adenomyosis and 45 healthy patients. The best performing classifier, a random forest, achieved an accuracy of 81.6%, an F1 score of 0.747, and an area under the receiver operating curve of 0.804. These metrics show promise for the future use of texture measurements in ultrasound to allow for earlier and more accurate diagnosis of adenomyosis.","2837-5882","979-8-3315-2347-3","10.1109/MeMeA65319.2025.11068108","","https://ieeexplore.ieee.org/stamp/stamp.jsp?arnumber=11068108","Adenomyosis;Ultrasound;Texture Analysis;Classification","Histograms;Accuracy;Ultrasonic variables measurement;Uterus;Magnetic resonance imaging;Ultrasonography;Receivers;Visual systems;Reliability;Random forests","","","","36","IEEE","10 Jul 2025","28-30 May 2025","28-30 May 2025","IEEE","IEEE Conferences"
"Deep Learning Based Junctional Zone Quantification using 3D Transvaginal Ultrasound in Assisted Reproduction","N. Singhal; S. Kudavelly; G. A. Ramaraju","Samsung Research, Bangalore, India; Samsung Research, Bangalore, India; Krishna IVF Clinic, Visakhapatnam, India",2020 42nd Annual International Conference of the IEEE Engineering in Medicine & Biology Society (EMBC),"27 Aug 2020","2020","","","2133","2136","The Uterine Junctional Zone (JZ) is identified as an important anatomical region in the implantation process during assisted reproduction. The JZ changes throughout the hormone stimulation cycle and has predictive value for implantation success. Despite advances in imaging technique, the assessment of JZ remains an enigma. The state-of-the-art method to assess the JZ is largely manual, which is time consuming, depends on operator experience, and often introduces subjective bias in assessment. In this paper, we present methods for automated visualization and quantification of the JZ in three-dimensional transvaginal ultrasound imaging (3D-TVUS). JZ is best visualized in the midcoronal plane of the 3D-TVUS uterus acquisition. We propose an algorithm pipeline, which uses a deep learning model to generate a point cloud representing the surface of the endometrium. A regularized midcoronal surface passing through the point cloud is rendered to obtain the midcoronal plane. The automated solution is designed to accommodate multiple structural deformations and pathologies in the uterus. An expert assisted reproduction clinician on 136 3D-TVUS volumes evaluated the results, and reliable performance was observed in more than 89% cases where the automated solution is able to reproduce, and sometimes even outperform the manual workflow. Automation speeds up the clinical workflow approximately by a factor of ten and reduces operator bias.","2694-0604","978-1-7281-1990-8","10.1109/EMBC44109.2020.9175358","","https://ieeexplore.ieee.org/stamp/stamp.jsp?arnumber=9175358","","Three-dimensional displays;Visualization;Surface fitting;Manuals;Machine learning;Ultrasonic imaging;Embryo","Deep Learning;Embryo Implantation;Endometrium;Female;Humans;Ultrasonography;Uterus","8","","14","IEEE","27 Aug 2020","20-24 July 2020","20-24 July 2020","IEEE","IEEE Conferences"
"Machine learning for classification of uterine activity outside pregnancy","T. H. G. F. Bakkes; F. Sammali; N. P. M. Kuijsters; S. Turco; C. Rabotti; D. Schoot; M. Mischi","Biomedical Diagnostics Lab, Eindhoven University of Technology, the Netherlands; Biomedical Diagnostics Lab, Eindhoven University of Technology, the Netherlands; Department of Obstetrics and Gynaecology, Catharina Hospital, Eindhoven, the Netherlands; Biomedical Diagnostics Lab, Eindhoven University of Technology, the Netherlands; Biomedical Diagnostics Lab, Eindhoven University of Technology, the Netherlands; Department of Obstetrics and Gynaecology, Catharina Hospital, Eindhoven, the Netherlands; Biomedical Diagnostics Lab, Eindhoven University of Technology, the Netherlands",2019 41st Annual International Conference of the IEEE Engineering in Medicine and Biology Society (EMBC),"7 Oct 2019","2019","","","2161","2164","The objective of this study was to investigate the use of classification methods by a machine-learning approach for discriminating the uterine activity during the four phases of the menstrual cycle. Four different classifiers, including support vector machine (SVM), K-nearest neighbors (KNN), Gaussian mixture model (GMM) and naïve Bayes are here proposed. A set of amplitude- and frequency-features were extracted from signals measured by two different quantitative and noninvasive methods, such as electrohysterography and ultrasound speckle tracking. The proposed classifiers were trained using all possible feature combinations. The method was applied on a database (24 measurements) collected in different phases of the menstrual cycle, comprising uterine active and quiescent phases. The SVM classifier showed the best performance for discrimination between the different menstrual phases. The classification accuracy, sensitivity, and specificity were 90%, 79%, 93%, respectively. Similar methods can in the future contribute to the diagnosis of infertility or other common uterine diseases such as endometriosis.","1558-4615","978-1-5386-1311-5","10.1109/EMBC.2019.8857374","","https://ieeexplore.ieee.org/stamp/stamp.jsp?arnumber=8857374","","Feature extraction;Support vector machines;Sensitivity;Machine learning;Ultrasonic variables measurement;Speckle;Training","Algorithms;Bayes Theorem;Female;Humans;Machine Learning;Menstrual Cycle;Normal Distribution;Support Vector Machine;Uterus","2","","13","IEEE","7 Oct 2019","23-27 July 2019","23-27 July 2019","IEEE","IEEE Conferences"
"Learning Subjective Image Quality Assessment for Transvaginal Ultrasound Scans from Multi-Annotator Labels","D. Petashvili; H. Wang; A. Deslandes; J. Avery; G. Condous; G. Carneiro; L. Hull; H. -T. Chen","The University of Adelaide, South Australia, Australia; The University of Adelaide, South Australia, Australia; The University of Adelaide, South Australia, Australia; The University of Adelaide, South Australia, Australia; Sydney Medical School Nepean, University of Sydney; Centre for Vision, Speech and Signal Processing, University of Surrey, UK; The University of Adelaide, South Australia, Australia; The University of Adelaide, South Australia, Australia",2024 IEEE International Symposium on Biomedical Imaging (ISBI),"22 Aug 2024","2024","","","1","5","This paper proposes a novel AI model that automatically assesses the quality of transvaginal ultrasound (TVUS) images, offering support to sonographers, especially those still learning, in acquiring high-quality scans for gynecological pathology diagnosis. Addressing the challenge of varying interpretations by different medical professionals, this model approaches the issue as a multi-annotator noisy label problem. Our novel machine learning architecture first aggregates quality assessments from multiple raters using a weighted ensemble algorithm to estimate consensus labels. The model then employs a multi-axis vision transformer to enhance the process of image quality evaluation. We evaluated the model on a new multi-annotator TVUS dataset, where our model successfully predicted image quality with an accuracy of 80%. This development represents an exciting first step in empowering sonographers to assess scan quality on the spot, reduce the need for repeated imaging, and improve the diagnosis of gynecological pathology.","1945-8452","979-8-3503-1333-8","10.1109/ISBI56570.2024.10635761","Health; ","https://ieeexplore.ieee.org/stamp/stamp.jsp?arnumber=10635761","Image Quality Assessment;Multi-Rater;Transvaginal Ultrasound","Image quality;Pathology;Computer vision;Ultrasonic imaging;Accuracy;Predictive models;Transformers","","3","","15","IEEE","22 Aug 2024","27-30 May 2024","27-30 May 2024","IEEE","IEEE Conferences"
"Classification of PCOS in ultrasound images using deep learning methods","J. S. M; S. P; S. P; M. Tamilnidhi","Electronics and Communication Engineering, Karpagam College of Engineering, Coimbatore, India; Electronics and Communication Engineering, Karpagam College of Engineering, Coimbatore, India; Electronics and Communication Engineering, Karpagam College of Engineering, Coimbatore, India; ECE, Karpagam College of Engineering, Coimbatore, India","2024 International Conference on IoT, Communication and Automation Technology (ICICAT)","20 Mar 2025","2024","","","1089","1092","Polycystic Ovary Syndrome (PCOS) stands out as a widespread health condition that notably impacts women of reproductive age. Diagnosing PCOS can be challenging because not everyone with ovarian cysts or polycystic ovaries (PCO) has PCOS; therefore, a pelvic ultrasound alone is insufficient to diagnose PCOS. The major components of the comprehensive diagnostic approach include a pelvic ultrasound in addition to blood testing for particular criteria that show PCOS. Given that PCOS is a widespread hormonal illness that is difficult to identify, using a computer to analyze blood tests, symptoms, and other criteria can provide a new, simple diagnostic technique. This research used KNN and SVM classifiers to implement a variety of machine methods. Approximately 70% of these instances go undetected on average. Previously, ultrasound pictures were utilized to segment follicles using an adaptive existing technique; however, this technique did not focus on classifying aberrant and normal follicles. For the purpose of classifying follicles as abnormal (Chocolate cysts) or normal (Clear cysts), the KNN and SVM algorithms were employed. After that, the feature extraction model and follicle segmentation are processed using this technique. Finally, KNN and SVM will be trained using these characteristics for classification. Experimental results show that the suggested model is effective in terms of accuracy, recall, and precision.","","979-8-3503-6810-9","10.1109/ICICAT62666.2024.10922879","","https://ieeexplore.ieee.org/stamp/stamp.jsp?arnumber=10922879","Denoising;Discrete Wavelet Transform (Dwt);PCOS","Support vector machines;Ultrasonic imaging;Accuracy;Uterus;Transforms;Nearest neighbor methods;Feature extraction;Classification algorithms;Discrete wavelet transforms;Blood","","","","23","IEEE","20 Mar 2025","23-24 Nov. 2024","23-24 Nov. 2024","IEEE","IEEE Conferences"
"Distilling Missing Modality Knowledge from Ultrasound for Endometriosis Diagnosis with Magnetic Resonance Images","Y. Zhang; H. Wang; D. Butler; M. -S. To; J. Avery; M. L. Hull; G. Carneiro","Australian Institute for Machine Learning, University of Adelaide, Australia; Australian Institute for Machine Learning, University of Adelaide, Australia; Australian Institute for Machine Learning, University of Adelaide, Australia; Flinders Health and Medical Research Institute, Flinders University, Australia; Robinson Research Institute, University of Adelaide, Australia; Robinson Research Institute, University of Adelaide, Australia; Centre for Vision, Speech and Signal Processing, University of Surrey, UK",2023 IEEE 20th International Symposium on Biomedical Imaging (ISBI),"1 Sep 2023","2023","","","1","5","Endometriosis is a common chronic gynecological disorder that has many characteristics, including the pouch of Douglas (POD) obliteration, which can be diagnosed using Transvaginal gynecological ultrasound (TVUS) scans and magnetic resonance imaging (MRI). TVUS and MRI are complementary non-invasive endometriosis diagnosis imaging techniques, but patients are usually not scanned using both modalities and, it is generally more challenging to detect POD obliteration from MRI than TVUS. To mitigate this classification imbalance, we propose in this paper a knowledge distillation training algorithm to improve the POD obliteration detection from MRI by leveraging the detection results from unpaired TVUS data. More specifically, our algorithm pre-trains a teacher model to detect POD obliteration from TVUS data, and it also pre-trains a student model with 3D masked autoencoder using a large amount of unlabelled pelvic 3D MRI volumes. Next, we distill the knowledge from the teacher TVUS POD obliteration detector to train the student MRI model by minimizing a regression loss that approximates the output of the student to the teacher using unpaired TVUS and MRI data. Experimental results on our endometriosis dataset containing TVUS and MRI data demonstrate the effectiveness of our method to improve the POD detection accuracy from MRI.","1945-8452","978-1-6654-7358-3","10.1109/ISBI53787.2023.10230667","","https://ieeexplore.ieee.org/stamp/stamp.jsp?arnumber=10230667","Endometriosis;Knowledge Distillation;Masked Auto-Encoder;Pouch of Douglas Obliteration","Training;Solid modeling;Image segmentation;Ultrasonic imaging;Three-dimensional displays;Magnetic resonance imaging;Magnetic resonance","","7","","23","IEEE","1 Sep 2023","18-21 April 2023","18-21 April 2023","IEEE","IEEE Conferences"
