Title,Author/s,DOI,External URL,include,reason
[development of a machine learning-based diagnostic model for t-shaped uterus using transvaginal 3d ultrasound quantitative parameters],"Li SJ, Wang Y, Huang R, Yang LM, Lyu XD, Huang XW, Peng XB, Song DM, Ma N, Xiao Y, Zhou QY, Guo Y, Liang N, Liu S, Gao K, Yan YN, Xia EL.",10.3760/cma.j.cn112137-20250302-00493,,no,not in english
a comprehensive review of screening methods for ovarian masses: towards earlier detection.,Shreya A Sahu; Deepti Shrivastava,10.7759/cureus.48534,http://dx.doi.org/10.7759/cureus.48534,no,
a comprehensive review of the role of artificial intelligence in obstetrics and gynecology.,Sagar N Malani; Deepti Shrivastava; Mayur S Raka,10.7759/cureus.34891,http://dx.doi.org/10.7759/cureus.34891,yes,
a decision support system based on radiomics and machine learning to predict the risk of malignancy of ovarian masses from transvaginal ultrasonography and serum ca-125.,Valentina Chiappa; Matteo Interlenghi; Giorgio Bogani; Christian Salvatore; F. Bertolina; Giuseppe Sarpietro; Mauro Signorelli; Dominique Ronzulli; Isabella Castiglioni; Francesco Raspagliesi,10.1186/s41747-021-00226-0,http://dx.doi.org/10.1186/s41747-021-00226-0,yes,
a machine learning approach applied to gynecological ultrasound to predict progression-free survival in ovarian cancer patients.,Francesca Arezzo; Gennaro Cormio; Daniele La Forgia; Carla Mariaflavia Santarsiero; Michele Mongelli; Claudio Lombardi; Gerardo Cazzato; Ettore Cicinelli; Vera Loizzi,10.1007/s00404-022-06578-1,http://dx.doi.org/10.1007/s00404-022-06578-1,no,"Not DL, but random forest and KNN"
a transvaginal ultrasound-based deep learning model for the noninvasive diagnosis of myometrial invasion in patients with endometrial cancer: comparison with radiologists,"Liu X, Qin X, Luo Q, Qiao J, Xiao W, Zhu Q, Liu J, Zhang C.",10.1016/j.acra.2023.12.035,,no,not available for free
achieving enhanced diagnostic precision in endometrial lesion analysis through a data enhancement framework.,Yi Luo; Meiyi Yang; Xiaoying Liu; Liufeng Qin; Zhengjun Yu; Yunxia Gao; Xia Xu; Guofen Zha; Xuehua Zhu; Gang Chen; Xue Wang; Lulu Cao; Yuwang Zhou; Yun Fang,10.3389/fonc.2024.1440881,http://dx.doi.org/10.3389/fonc.2024.1440881,yes,
advances in fetal cardiac imaging and intervention.,Nathaniel Barber; Lindsay Freud,10.1016/j.cjcpc.2023.10.012,http://dx.doi.org/10.1016/j.cjcpc.2023.10.012,,
advances in ultrasound-based imaging for diagnosis of endometrial cancer.,Mohamad Tlais; Hussein Hamze; Ali Hteit; Karim Haddad; Issam El Fassih; Issa Zalzali; Sally Mahmoud; Sabine Karaki; Diana Jabbour,10.4329/wjr.v17.i9.111493,http://dx.doi.org/10.4329/wjr.v17.i9.111493,no,
ai based system to detect uterine cancer using ultrasound images,S. Maheswari; M. Ponnibala; S. Govindaraj; S. N. Priyadharshini; T. Shobika; D. Swetha,10.1109/ICKECS61492.2024.10617259,,,
an ai method to predict pregnancy loss by extracting biological indicators from embryo ultrasound recordings in early pregnancy.,Lijue Liu; Yuan Zang; Huimu Zheng; Siya Li; Yu Song; Xue Feng; Xiyuan Zhang; Yaoxu Li; Lulu Cao; Guanglin Zhou; Tingting Dong; Qi Huang; Teng Pan; Jinhai Deng; Danling Cheng,10.1038/s41598-025-11518-5,http://dx.doi.org/10.1038/s41598-025-11518-5,,
an evaluation of cervical maturity for chinese women with labor induction by machine learning and ultrasound images.,Yan-Song Liu; Shan Lu; Hong-Bo Wang; Zheng Hou; Chun-Yu Zhang; Yi-Wen Chong; Shuai Wang; Wen-Zhong Tang; Xiao-Lei Qu; Yan Zhang,10.1186/s12884-023-06023-4,http://dx.doi.org/10.1186/s12884-023-06023-4,,
an intelligent computer aided diagnosis system for classification of ovarian masses using machine learning approach,Smital D. Patil; Pramod J. Deore; Vaishali Bhagwat Patil,10.54392/irjmt2434,http://dx.doi.org/10.54392/irjmt2434,yes,
an ultrasound-based machine learning model for predicting pelvic adhesions: a shap-enhanced xgboost approach.,Yanyan Huang; Shanshan Su; Jiemin Chen; Xiaoqian Zhang; Kailing Tan; Qiuling Guo,10.1177/20552076261416797,http://dx.doi.org/10.1177/20552076261416797,,
analysis of ultrasound parameters influencing endometrial receptivity and a pregnancy outcomes predictive model for patients undergoing in vitro fertilization and embryo transfer: a prospective study.,Chunlian Wang; Jiao Lin; Xingping Zhao; Ni Liu; Pengzi Sun; Jiaoli Yang; Xue Zhou,10.3389/fendo.2025.1677593,http://dx.doi.org/10.3389/fendo.2025.1677593,,
application of artificial intelligence to ultrasound imaging for benign gynecological disorders: systematic review.,F Moro; M T Giudice; M Ciancia; D Zace; G Baldassari; M Vagni; H E Tran; G Scambia; A C Testa,10.1002/uog.29171,http://dx.doi.org/10.1002/uog.29171,,
application of deep learning model in the sonographic diagnosis of uterine adenomyosis,Diego Raimondo; Antonio Raffone; Anna Chiara Aru; Matteo Giorgi; Ilaria Giaquinto; Emanuela Spagnolo; Antonio Travaglino; Federico A. Galatolo; Mario G. C. A. Cimino; Gabriele Centini; Lucia Lazzeri; Antonio Mollo; Renato Seracchioli; Paolo Casadio,10.21203/rs.3.rs-2176240/v1,http://dx.doi.org/10.21203/rs.3.rs-2176240/v1,no,already included
application of deep learning model in the sonographic diagnosis of uterine adenomyosis.,Diego Raimondo; Antonio Raffone; Anna Chiara Aru; Matteo Giorgi; Ilaria Giaquinto; Emanuela Spagnolo; Antonio Travaglino; Federico Andrea Galatolo; Mario Giovanni Cosimo Antonio Cimino; Jacopo Lenzi; Gabriele Centini; Lucia Lazzeri; Antonio Mollo; Renato Seracchioli; Paolo Casadio,10.3390/ijerph20031724,http://dx.doi.org/10.3390/ijerph20031724,no,already included
"application of ultrasound in combination with other methods in gynecological disease: artificial intelligence, surgery, and drugs.",Shaohua Shi; Chengcheng Dai; Demin Liu; Xingjie Liu,10.3389/fonc.2025.1567024,http://dx.doi.org/10.3389/fonc.2025.1567024,,
applications of advanced ultrasound technology in obstetrics.,Kwok-Yin Leung,10.3390/diagnostics11071217,http://dx.doi.org/10.3390/diagnostics11071217,,
artificial intelligence and uterine fibroids: a useful combination for diagnosis and treatment.,Andrea Tinelli; Andrea Morciano; Radmila Sparic; Safak Hatirnaz; Lorenzo E Malgieri; Antonio Malvasi; Antonio D'Amato; Giorgio Maria Baldini; Giovanni Pecorella,10.3390/jcm14103454,http://dx.doi.org/10.3390/jcm14103454,,
artificial intelligence assisted common maternal fetal planes prediction from ultrasound images based on information fusion of customized convolutional neural networks.,Fatima Rauf; Muhammad Attique Khan; Hussain M Albarakati; Kiran Jabeen; Shrooq Alsenan; Ameer Hamza; Sokea Teng; Yunyoung Nam,10.3389/fmed.2024.1486995,http://dx.doi.org/10.3389/fmed.2024.1486995,,
artificial intelligence diagnosis of intrauterine adhesion by 3d ultrasound imaging: a prospective study.,Xingping Zhao; Minqiang Liu; Susu Wu; Baiyun Zhang; Arvind Burjoo; Yimin Yang; Dabao Xu,10.21037/qims-22-965,http://dx.doi.org/10.21037/qims-22-965,yes,
artificial intelligence in the assessment of female reproductive function using ultrasound: a review.,Zhiyi Chen; Ziyao Wang; Meng Du; Zhenyu Liu,10.1002/jum.15827,http://dx.doi.org/10.1002/jum.15827,,
artificial intelligence in ultrasound-based diagnoses of gynecological tumors: a systematic review.,Fatima Siddig Abdalla Mohammed; Sara Mirghani Ahmed Eisa; Alsafa Mohamed Abdalla Madani; Najah Madyan F Alrowili; Ahlam Mohammed K Al Ghaythan; Ibtihal Meargani Mohamed Ali; Lamis Elamin; Naima Abdirahman Salad,10.7759/cureus.85884,http://dx.doi.org/10.7759/cureus.85884,,
artificial intelligence model for enhancing the accuracy of transvaginal ultrasound in detecting endometrial cancer and endometrial atypical hyperplasia.,Ilaria Capasso; Giuseppe Cucinella; Darryl E Wright; Hiroaki Takahashi; Luigi Antonio De Vitis; Adriana V Gregory; Bohyun Kim; Evelyn Reynolds; Diletta Fumagalli; Tommaso Occhiali; Angela J Fought; Michaela E McGree; Annie T Packard; Pamela I Causa Andrieu; Francesco Fanfani; Giovanni Scambia; Carrie L Langstraat; Abimbola Famuyide; Daniel M Breitkopf; Andrea Mariani; Gretchen E Glaser; Timothy L Kline,10.1136/ijgc-2024-005652,http://dx.doi.org/10.1136/ijgc-2024-005652,yes,
artificial intelligence performance in image-based ovarian cancer identification: a systematic review and meta-analysis.,He-Li Xu; Ting-Ting Gong; Fang-Hua Liu; Hong-Yu Chen; Qian Xiao; Yang Hou; Ying Huang; Hong-Zan Sun; Yu Shi; Song Gao; Yan Lou; Qing Chang; Yu-Hong Zhao; Qing-Lei Gao; Qi-Jun Wu,10.1016/j.eclinm.2022.101662,http://dx.doi.org/10.1016/j.eclinm.2022.101662,,
"artificial intelligence, intrapartum ultrasound and dystocic delivery: aida (artificial intelligence dystocia algorithm), a promising helping decision support system.",Antonio Malvasi; Lorenzo E Malgieri; Ettore Cicinelli; Antonella Vimercati; Antonio D'Amato; Miriam Dellino; Giuseppe Trojano; Tommaso Difonzo; Renata Beck; Andrea Tinelli,10.3390/jimaging10050107,http://dx.doi.org/10.3390/jimaging10050107,,
artificial intelligence-aided method to detect uterine fibroids in ultrasound images: a retrospective study,Tongtong Huo; Lixin Li; Xiting Chen; Ziyi Wang; Xiaojun Zhang; Songxiang Liu; Jinfa Huang; Jiayao Zhang; Qian Yang; Wei Wu; Yi Xie; Honglin Wang; Zhewei Ye; Kaixian Deng,10.21203/rs.3.rs-2099498/v1,http://dx.doi.org/10.21203/rs.3.rs-2099498/v1,,
artificial intelligence-aided method to detect uterine fibroids in ultrasound images: a retrospective study.,Tongtong Huo; Lixin Li; Xiting Chen; Ziyi Wang; Xiaojun Zhang; Songxiang Liu; Jinfa Huang; Jiayao Zhang; Qian Yang; Wei Wu; Yi Xie; Honglin Wang; Zhewei Ye; Kaixian Deng,10.1038/s41598-022-26771-1,http://dx.doi.org/10.1038/s41598-022-26771-1,,
assessing the utility of artificial intelligence in endometriosis: promises and pitfalls.,Brie Dungate; Dwayne R Tucker; Emma Goodwin; Paul J Yong,10.1177/17455057241248121,http://dx.doi.org/10.1177/17455057241248121,,
automated assessment of endometrial receptivity for screening recurrent pregnancy loss risk using deep learning-enhanced ultrasound and clinical data.,Shanling Yan; Fei Xiong; Yanfen Xin; Zhuyu Zhou; Wanqing Liu,10.3389/fphys.2024.1404418,http://dx.doi.org/10.3389/fphys.2024.1404418,,
automated assessment of endometrium from transvaginal ultrasound using deep learned snake,N. Singhal; S. Mukherjee; C. Perrey,10.1109/ISBI.2017.7950520,,no,not available
automatic endometrial segmentation in ultrasound images using deep learning,Y. Liu; B. Peng; X. Zhu; W. Wang; Q. Zhou; S. Wang; J. Jiang; L. Fang,10.1109/MCSoC57363.2022.00020,,,
automatic human embryo volume measurement in first trimester ultrasound from the rotterdam periconception cohort: quantitative and qualitative evaluation of artificial intelligence.,Wietske A P Bastiaansen; Stefan Klein; Batoul Hojeij; Eleonora Rubini; Anton H J Koning; Wiro Niessen; Régine P M Steegers-Theunissen; Melek Rousian,,https://www.ncbi.nlm.nih.gov/pubmed/40163035,,
automatic measurement of endometrial thickness from transvaginal ultrasound images.,Yiyang Liu; Qin Zhou; Boyuan Peng; Jingjing Jiang; Li Fang; Weihao Weng; Wenwen Wang; Shixuan Wang; Xin Zhu,10.3389/fbioe.2022.853845,http://dx.doi.org/10.3389/fbioe.2022.853845,yes,but 2D
automatic segmentation and alignment of uterine shapes from 3d ultrasound data.,Eva Boneš; Marco Gergolet; Ciril Bohak; Žiga Lesar; Matija Marolt,10.1016/j.compbiomed.2024.108794,http://dx.doi.org/10.1016/j.compbiomed.2024.108794,yes,
automatic uterus segmentation in transvaginal ultrasound using u-net and nnu-net.,Dilara Tank; Bianca G S Schor; Lisa M Trommelen; Judith A F Huirne; Iacer Calixto; Robert A de Leeuw,10.1371/journal.pone.0336237,http://dx.doi.org/10.1371/journal.pone.0336237,no,already included
b-ultrasound image analysis of intrauterine pregnancy residues after mid-term pregnancy based on smart medical big data.,Huiliao He; Ruixing Liu; Xiuping Zhou; Yinhong Zhang; Beibei Yu; Zhihua Xu; Hu Huang,10.1155/2022/9937051,http://dx.doi.org/10.1155/2022/9937051,,
bidirectional copy-paste mamba for enhanced semi-supervised segmentation of transvaginal uterine ultrasound images.,Boyuan Peng; Yiyang Liu; Wenwen Wang; Qin Zhou; Li Fang; Xin Zhu,10.3390/diagnostics14131423,http://dx.doi.org/10.3390/diagnostics14131423,yes,
cesarean scar pregnancy prognostic classification system based on machine-learning and traditional linear scoring models.,Xin Wang; Liyuan Ma; Siting Peng; Yuqing Yang; Jihao Wu; Na Su; Zhenhong Qi; Xinyan Liu; Qing Dai; Jianchu Li; Zhenzhen Liu,10.1002/jum.16688,http://dx.doi.org/10.1002/jum.16688,,
clinical radiomics nomogram based on ultrasound: a tool for preoperative prediction of uterine sarcoma.,Wuwu Zheng; Aihui Lu; Xiaoxiao Tang; Lixia Chen,10.1002/jum.70043,http://dx.doi.org/10.1002/jum.70043,no,
clinical signs and diagnosis of fibroids from adolescence to menopause.,Eduard Mension; Francisco Carmona; Silvia Vannuccini; Charles Chapron,10.1016/j.fertnstert.2024.05.003,http://dx.doi.org/10.1016/j.fertnstert.2024.05.003,no,
comparison and analysis of deep learning models for discriminating longitudinal and oblique vaginal septa based on ultrasound imaging.,Xiangyu Wang; Liang Wang; Xin Hou; Jingfang Li; Jin Li; Xiangyi Ma,10.1186/s12880-024-01507-x,http://dx.doi.org/10.1186/s12880-024-01507-x,,
critical advances for democratizing ultrasound diagnostics in human and veterinary medicine.,Ahmed El Kaffas; Jenny M Vo-Phamhi; John F Griffin; Kenneth Hoyt,10.1146/annurev-bioeng-110222-095229,http://dx.doi.org/10.1146/annurev-bioeng-110222-095229,,
deep learning algorithm for predicting preterm birth in the case of threatened preterm labor admissions using transvaginal ultrasound,"Ohtaka A, Akazawa M, Hashimoto K.",10.1007/s10396-023-01394-9,,no,
deep learning based junctional zone quantification using 3d transvaginal ultrasound in assisted reproduction,N. Singhal; S. Kudavelly; G. A. Ramaraju,10.1109/EMBC44109.2020.9175358,,no,not available
deep learning to diagnose pouch of douglas obliteration with ultrasound sliding sign,Gabriel Maicas; Mathew Leonardi; Jodie C Avery; Catrina Panuccio; Gustavo Carneiro; M. Louise Hull; George Condous,10.1530/raf-21-0031,http://dx.doi.org/10.1530/raf-21-0031,yes,
deep learning-based analysis of efficiency and surgical timing for patients with cervical insufficiency using transvaginal ultrasound images,Xuekui Ye; Li Zhang; Rongxia Liu; Yongjuan Liu; Guowei Jiang,10.1155/2022/4455353,http://dx.doi.org/10.1155/2022/4455353,no,
deep learning-based automated measurement of cervical length in transvaginal ultrasound images of pregnant women,H. Kwon; S. Sun; H. C. Cho; H. S. Yun; S. Park; Y. J. Jung; J. -Y. Kwon; J. K. Seo,10.1109/JBHI.2024.3433594,,no ,not available
deep learning-based automatic endometrium segmentation and thickness measurement for 2d transvaginal ultrasound,S. -Y. Hu; H. Xu; Q. Li; B. A. Telfer; L. J. Brattain; A. E. Samir,10.1109/EMBC.2019.8856367,,no,not available for free
deep learning-based automation for segmentation and biometric measurement of the gestational sac in ultrasound images.,Hafiz Muhammad Danish; Zobia Suhail; Faiza Farooq,10.3389/fped.2024.1453302,http://dx.doi.org/10.3389/fped.2024.1453302,,
"deep learning-based medical ultrasound image and video segmentation methods: overview, frontiers, and challenges.",Xiaolong Xiao; Jianfeng Zhang; Yuan Shao; Jialong Liu; Kaibing Shi; Chunlei He; Dexing Kong,10.3390/s25082361,http://dx.doi.org/10.3390/s25082361,,
deep learning-based three-dimensional transvaginal ultrasound in diagnosis of intrauterine adhesion,Ji Li; Dan Liu; Xiaofeng Qing; Lanlan Yu; Huizhen Xiang,10.1155/2021/2947021,http://dx.doi.org/10.1155/2021/2947021,yes,
developing clinical artificial intelligence for obstetric ultrasound to improve access in underserved regions: protocol for a computer-assisted low-cost point-of-care ultrasound (calopus) study.,Alice Self; Qingchao Chen; Bapu Koundinya Desiraju; Sumeet Dhariwal; Alexander D Gleed; Divyanshu Mishra; Ramachandran Thiruvengadam; Varun Chandramohan; Rachel Craik; Elizabeth Wilden; Ashok Khurana; null null; Shinjini Bhatnagar; Aris T Papageorghiou; J Alison Noble,10.2196/37374,http://dx.doi.org/10.2196/37374,,
development of a novel machine learning model for automatic assessment of quality of transvaginal ultrasound images from multi-annotator labels.,Alison Deslandes; Daniel Petashvili; Hu Wang; Gustavo Carnerio; Jodie Avery; George Condous; Mathew Leonardi; M Louise Hull; Hsiang-Ting Chen,10.1002/ajum.70026,http://dx.doi.org/10.1002/ajum.70026,yes,
diagnosis of idiopathic premature ovarian failure by color doppler ultrasound under the intelligent segmentation algorithm.,Lanlan Yu; Xiaofeng Qing,10.1155/2022/2645607,http://dx.doi.org/10.1155/2022/2645607,,
"early diagnosis of ovarian cancer: a comprehensive review of the advances, challenges, and future directions.",Mun-Kun Hong; Dah-Ching Ding,10.3390/diagnostics15040406,http://dx.doi.org/10.3390/diagnostics15040406,no,
early uterine cancer detection using ultrasound images by different machine learning techniques,S. Tekale; S. P. Kosbatwar; J. G. M. Britto; V. Chauhan; A. Dargar; A. Gupta,10.1109/GITCON65266.2025.11376852,,,
embc - deep learning based junctional zone quantification using 3d transvaginal ultrasound in assisted reproduction,Nitin Singhal; Srinivas Rao Kudavelly; G. A. Ramaraju,10.1109/embc44109.2020.9175358,http://dx.doi.org/10.1109/embc44109.2020.9175358,no,duplicate
endometrium segmentation on transvaginal ultrasound image using key-point discriminator.,Hyenok Park; Hong Joo Lee; Hak Gu Kim; Yong Man Ro; Dong-Kuk Shin; Ra Lee; Sunghoon Kim; Mikyung Kong,10.1002/mp.13677,http://dx.doi.org/10.1002/mp.13677,no,not available for free
evolving the era of 5d ultrasound? a systematic literature review on the applications for artificial intelligence ultrasound imaging in obstetrics and gynecology.,Elena Jost; Philipp Kosian; Jorge Jimenez Cruz; Shadi Albarqouni; Ulrich Gembruch; Brigitte Strizek; Florian Recker,10.3390/jcm12216833,http://dx.doi.org/10.3390/jcm12216833,,
from pretraining to privacy: federated ultrasound foundation model with self-supervised learning.,Yuncheng Jiang; Chun-Mei Feng; Jinke Ren; Jun Wei; Zixun Zhang; Yiwen Hu; Yunbi Liu; Rui Sun; Xuemei Tang; Juan Du; Xiang Wan; Yong Xu; Bo Du; Xin Gao; Guangyu Wang; Shaohua Zhou; Shuguang Cui; Zhen Li,10.1038/s41746-025-02085-0,http://dx.doi.org/10.1038/s41746-025-02085-0,,
gynescan: an improved online paradigm for screening of ovarian cancer via tissue characterization.,U. Rajendra Acharya; S. Vinitha Sree; Sanjeev Kulshreshtha; Filippo Molinari; Joel En Wei Koh; Luca Saba; Jasjit S. Suri,10.7785/tcrtexpress.2013.600273,http://dx.doi.org/10.7785/tcrtexpress.2013.600273,,
identification and validation of serum metabolite biomarkers for endometrial cancer diagnosis.,Wanshan Liu; Jinglan Ma; Juxiang Zhang; Jing Cao; Xiaoxiao Hu; Yida Huang; Ruimin Wang; Jiao Wu; Wen Di; Kun Qian; Xia Yin,10.1038/s44321-024-00033-1,http://dx.doi.org/10.1038/s44321-024-00033-1,,
imaging in gynecological cancers,Gülden Özek,10.37609/akya.3975.c2694,http://dx.doi.org/10.37609/akya.3975.c2694,no,
integrating deep learning and clinical characteristics for early prediction of endometrial cancer using multimodal ultrasound imaging: a multicenter study.,Cuiyan Lin; Wanming Chen; Jichuang Lai; Jieyi Huang; Xiaolu Ye; Sijia Chen; Xinmin Guo; Yichun Yang,10.3389/fonc.2025.1600242,http://dx.doi.org/10.3389/fonc.2025.1600242,,
intra- and interobserver agreement of proposed objective transvaginal ultrasound image-quality scoring system for use in artificial intelligence algorithm development.,A Deslandes; J C Avery; H-T Chen; M Leonardi; S Knox; G Lo; R O'Hara; G Condous; M L Hull; null null,10.1002/uog.29178,http://dx.doi.org/10.1002/uog.29178,no,
is ultrasound valuable for the diagnosis of women with abnormal detrusor activity,Pei-Fen Lo; Wen-Hsun Chang; Peng-Hui Wang,10.1097/jcma.0000000000000624,http://dx.doi.org/10.1097/jcma.0000000000000624,no,
machine learning and disease prediction in obstetrics.,Zara Arain; Stamatina Iliodromiti; Gregory Slabaugh; Anna L David; Tina T Chowdhury,10.1016/j.crphys.2023.100099,http://dx.doi.org/10.1016/j.crphys.2023.100099,,
machine learning methods for preterm birth prediction: a review,Tomasz Włodarczyk; Szymon Płotka; Tomasz Szczepański; Przemyslaw Stefan Rokita; Nicole Sochacki-Wójcicka; Jakub Wójcicki; Michal Lipa; Tomasz Trzcinski,10.3390/electronics10050586,http://dx.doi.org/10.3390/electronics10050586,no,
machine learning models in evaluating the malignancy risk of ovarian tumors: a comparative study.,Xin He; Xiang-Hui Bai; Hui Chen; Wei-Wei Feng,10.1186/s13048-024-01544-8,http://dx.doi.org/10.1186/s13048-024-01544-8,yes,
machine learning nomogram for predicting endometrial lesions after tamoxifen therapy in breast cancer patients.,Cao Shaoshan; Chen Niannian; Ma Ying,10.1038/s41598-024-82373-z,http://dx.doi.org/10.1038/s41598-024-82373-z,,
machine learning prediction of short cervix in mid-pregnancy based on multimodal data from the first-trimester screening period: an observational study in a high-risk population.,Shengyu Wu; Jiaqi Dong; Jifan Shi; Xiaoxian Qu; Yirong Bao; Xiaoyuan Mao; Mu Lv; Xuan Chen; Hao Ying,10.3390/biomedicines13092057,http://dx.doi.org/10.3390/biomedicines13092057,no,
mri-based radiomics as a promising noninvasive diagnostic technique for adenomyosis.,Laurin Burla; Elisabeth Sartoretti; Manoj Mannil; Stefan Seidel; Thomas Sartoretti; Harald Krentel; Rudy Leon De Wilde; Patrick Imesch,10.3390/jcm13082344,http://dx.doi.org/10.3390/jcm13082344,,
multi-modal uterine-activity measurements for prediction of embryo implantation by machine learning,F. Sammali; C. Blank; T. G. H. Bakkes; Y. Huang; C. Rabotti; B. C. Schoot; M. Mischi,10.1109/ACCESS.2021.3067716,,no,
multi-modal uterine-activity measurements for prediction of embryo implantation by machine learning,F. Sammali; C. Blank; Tom G. H. Bakkes; Y. Huang; Chiara Rabotti; Benedictus C. Schoot; Massimo Mischi,10.1109/access.2021.3067716,http://dx.doi.org/10.1109/access.2021.3067716,no,
obstetric ultrasound: where are we and where are we going?,Jacques S. Abramowicz,10.14366/usg.20088,http://dx.doi.org/10.14366/usg.20088,,
op10.10: time interval analysis of flow velocity waveforms of ductus venosus in fetal growth restriction in correlation with ph of umbilical artery,N. Seo; Daisuke Tachibana; Yasushi Kurihara; N.W. Yokoi; T. Suekane; Masayasu Koyama; Takuya Misugi; Akihiro Hamuro; K. Nakagawa; Akemi Nakano,10.1002/uog.20749,http://dx.doi.org/10.1002/uog.20749,,
optimizing evaluation of endometrial receptivity in recurrent pregnancy loss: a preliminary investigation integrating radiomics from multimodal ultrasound via machine learning.,Shanling Yan; Fei Xiong; Yanfen Xin; Zhuyu Zhou; Wanqing Liu,10.3389/fendo.2024.1380829,http://dx.doi.org/10.3389/fendo.2024.1380829,no,
perspectives in transvaginal sonography for the diagnosis of adenomyosis.,Xiao-Ling An; Jun Zhang; Xiao-Chun Yun; Xiao-Hui Lei; Jing Zhao; Xiao-Hua Yang; Mei-Mei Liu,10.3389/fmed.2025.1533648,http://dx.doi.org/10.3389/fmed.2025.1533648,,
precision identification of endometrial malignancy and precancerous lesions: development of a machine learning model incorporating multidimensional clinical and imaging parameters.,Jinpeng Jiang; Xunya Xiong; Meiling Li; Dan Ma,10.1097/md.0000000000047257,http://dx.doi.org/10.1097/md.0000000000047257,,
predicting postoperative stress urinary incontinence after prolapse surgery via machine learning and regression models: development and validation study.,Minna Su; Shuyu Wang; Xiaochun Liu,10.2196/76021,http://dx.doi.org/10.2196/76021,,
prediction of clinical pregnancy after frozen embryo transfer based on ultrasound radiomics: an analysis based on the optimal periendometrial zone.,Fangfang Xu; Ying Zhang; Qianqing Ma; Lili Hu; Yu Li; Chuanfen Gao; Peipei Guo; Xianyue Yang; Yi Zhou; Jie Zhang; Heng Wang; Chaoxue Zhang,10.1186/s12884-025-07508-0,http://dx.doi.org/10.1186/s12884-025-07508-0,,
prediction of clinical stages of cervical cancer via machine learning integrated with clinical features and ultrasound-based radiomics.,Maochun Zhang; Qing Zhang; Xueying Wang; Xiaoli Peng; Jiao Chen; Hanfeng Yang,10.1038/s41598-025-03170-w,http://dx.doi.org/10.1038/s41598-025-03170-w,,
prediction of embryo implantation by machine learning based on ultrasound strain imaging,F. Sammali; C. Blank; T. H. G. F. Bakkes; Y. Huang; C. Rabotti; B. C. Schoot; M. Mischi,10.1109/ULTSYM.2019.8926228,,,
prediction of endometrial carcinoma using the combination of electronic health records and an ensemble machine learning method.,Wenwen Wang; Yang Xu; Suzhen Yuan; Zhiying Li; Xin Zhu; Qin Zhou; Wenfeng Shen; Shixuan Wang,10.3389/fmed.2022.851890,http://dx.doi.org/10.3389/fmed.2022.851890,,
prediction of preterm birth from cervical length measurements in twin pregnancies using machine learning.,Alejo Costanzo; Mathew Szymanowski; Nir Melamed; Dafna Sussman,10.1038/s41598-025-19803-z,http://dx.doi.org/10.1038/s41598-025-19803-z,,
prediction of uterine cavity conception environment using two-dimensional transvaginal ultrasound imaging semantic feature-based machine learning: a case-control study.,Jinwei Zhang; Shuang Liu; Yue Rong; Shangqing Liu; Chunyan Zhong; Peng Tu; Xiaohang Zhang; Suzhen Ran,10.1186/s12884-025-08390-6,http://dx.doi.org/10.1186/s12884-025-08390-6,yes,
predictive analytical model for ectopic pregnancy diagnosis: statistics vs. machine learning.,Ploywarong Rueangket; Kristsanamon Rittiluechai; Akara Prayote,10.3389/fmed.2022.976829,http://dx.doi.org/10.3389/fmed.2022.976829,,
preoperative surgical planning mri for fibroids: what the surgeon needs to know and what to report.,Jade Acton,10.1111/1754-9485.13816,http://dx.doi.org/10.1111/1754-9485.13816,no,
prognostic significance of serial ultrasonography in placenta accreta spectrum and its impact on perinatal outcomes.,Antonia Varthaliti; Alexandros Psarris; Pelopidas Koutroumanis; Giwrgos Gkiaourakis; Maria Anastasia Daskalaki; Panos Antsaklis; George Daskalakis; Marianna Theodora,10.3390/medicina61091612,http://dx.doi.org/10.3390/medicina61091612,,
radiomics-based machine learning for the detection of myometrial invasion in endometrial cancer: systematic review and meta-analysis.,Wanhao Jiang; Huali Wang; Yumeng Cui,10.2196/78809,http://dx.doi.org/10.2196/78809,,
segmentation of ovarian cyst in ultrasound images using adaresu-net with optimization algorithm and deep learning model.,Mohemmed Sha,10.1038/s41598-024-69427-y,http://dx.doi.org/10.1038/s41598-024-69427-y,,
the application of super-resolution ultrasound radiomics models in predicting the failure of conservative treatment for ectopic pregnancy.,Mingyan Zhang; Junfa Sheng,10.1186/s12958-025-01437-5,http://dx.doi.org/10.1186/s12958-025-01437-5,,
the application of ultrasound artificial intelligence in the diagnosis of endometrial diseases: current practice and future development.,Qiao Wei; Zhang Xiao; Xiaowen Liang; Zhili Guo; Yanfen Zhang; Zhiyi Chen,10.1177/20552076241310060,http://dx.doi.org/10.1177/20552076241310060,,
the emerging role of sonoelastography in pregnancy: applications in assessing maternal and fetal health.,Abdulrahman M Alfuraih,10.3390/diagnostics15010047,http://dx.doi.org/10.3390/diagnostics15010047,,
the future is coming: artificial intelligence in the treatment of infertility could improve assisted reproduction outcomes-the value of regulatory frameworks.,Sanja Medenica; Dusan Zivanovic; Ljubica Batkoska; Susanna Marinelli; Giuseppe Basile; Antonio Perino; Gaspare Cucinella; Giuseppe Gullo; Simona Zaami,10.3390/diagnostics12122979,http://dx.doi.org/10.3390/diagnostics12122979,,
the impact of maternal vulnerability on stress biomarkers and first-trimester growth: the rotterdam periconceptional cohort (predict study).,Sofie K M Van Zundert; Lenie Van Rossem; Mina Mirzaian; Sten P Willemsen; Lotte W Voskamp; Wietske A P Bastiaansen; Darya Nikpayam; Pieter H Griffioen; Wim F Schilleman; Anton H J Koning; Sjoerd A A Van Den Berg; Melek Rousian; Ron H N Van Schaik; Régine P M Steegers-Theunissen,10.1093/humrep/deae211,http://dx.doi.org/10.1093/humrep/deae211,,
the increasing role of ultrasound in ob-gyn practice: present and future applications,Lara Marie David Bustamante,10.4103/pjog.pjog_74_23,http://dx.doi.org/10.4103/pjog.pjog_74_23,no,
the role of artificial intelligence in female infertility diagnosis: an update.,Necati Findikli; Catherine Houba; David Pening; Anne Delbaere,10.3390/jcm14093127,http://dx.doi.org/10.3390/jcm14093127,,
towards clinical application of artificial intelligence in ultrasound imaging.,Masaaki Komatsu; Akira Sakai; Ai Dozen; Kanto Shozu; Suguru Yasutomi; Hidenori Machino; Ken Asada; Syuzo Kaneko; Ryuji Hamamoto,10.3390/biomedicines9070720,http://dx.doi.org/10.3390/biomedicines9070720,,
transvaginal ultrasound: a reliable tool for detection and preoperative mapping of pelvic endometriosis.,Anuradha S Shenoy-Bhangle; Priyanka Jha,10.1016/j.fertnstert.2023.12.035,http://dx.doi.org/10.1016/j.fertnstert.2023.12.035,no,
ultrasound image analysis using deep neural networks for discriminating between benign and malignant ovarian tumors: comparison with expert subjective assessment.,F. Christiansen; E. L. Epstein; E. Smedberg; M. Åkerlund; Kevin Smith; Elisabeth Epstein,10.1002/uog.23530,http://dx.doi.org/10.1002/uog.23530,,
ultrasound image under artificial intelligence algorithm to evaluate the intervention effect of accelerated rehabilitation surgery nursing on laparoscopic hysterectomy.,Haiwei Yu; Ziming Zhao; Xiuping Duan; Jian Zhou; Dechun Su,10.1155/2022/9042954,http://dx.doi.org/10.1155/2022/9042954,,
ultrasound image-based deep learning to differentiate tubal-ovarian abscess from ovarian endometriosis cyst.,Ping Hu; Yanjuan Gao; Yiqian Zhang; Kui Sun,10.3389/fphys.2023.1101810,http://dx.doi.org/10.3389/fphys.2023.1101810,,
ultrasound radiomics and deep learning for predicting antral follicle count and anti-müllerian hormone.,Jinwei Zhang; Shangqing Liu; Shuang Liu; Yue Rong; Chunyan Zhong; Dong Ni; Suzhen Ran,10.1038/s41598-025-33010-w,http://dx.doi.org/10.1038/s41598-025-33010-w,,
ultrasound texture analysis for the diagnosis of adenomyosis,F. Delberghe; Z. Gong; C. D. Fernandes; C. Rees; H. Van Vliet; M. Mischi,10.1109/MeMeA65319.2025.11068108,,,
ultrasound-based machine learning model to predict the risk of endometrial cancer among postmenopausal women.,Yi-Xin Li; Yu Lu; Zhe-Ming Song; Yu-Ting Shen; Wen Lu; Min Ren,10.1186/s12880-025-01705-1,http://dx.doi.org/10.1186/s12880-025-01705-1,,
unveiling the real benefits of robot-assisted surgery in gynaecology: from telesurgery to image-guided surgery and artificial intelligence.,Matteo Pavone; Marta Goglia; Andrea Rosati; Chiara Innocenzi; Nicolò Bizzarri; Barbara Seeliger; Pietro Mascagni; Filippo Alberto Ferrari; Antonello Forgione; Antonia Carla Testa; Anna Fagotti; Francesco Fanfani; Denis Querleu; Giovanni Scambia; Cherif Akladios; Jacques Marescaux; Lise Lecointre,10.52054/fvvo.2024.13522,http://dx.doi.org/10.52054/fvvo.2024.13522,,
vp03.02: a machine learning approach applied to gynecological ultrasound to predict progression-free survival in ovarian cancer patients,Francesca Arezzo; Vera Loizzi; Claudio Lombardi; Gerardo Cazzato; Vincenzo Venerito; V Cataldo; M Mongelli; Ettore Cicinelli; Gennaro Cormio; CM Santarsiero,10.1002/uog.24046,http://dx.doi.org/10.1002/uog.24046,no,
vp03.05: tubo-ovarian abscess: a primary finding of colorectal cancer,L. Ferreira de Castro; A.R. Andrade; R. Machado; M. Leal,10.1002/uog.24049,http://dx.doi.org/10.1002/uog.24049,,
vp05.06: differential diagnosis of deep rectal endometriosis by ultrasound,Gábor Szabó; I. Madár; János Rigó; A. Hajdinák; N. Ács; Attila Bokor,10.1002/uog.24091,http://dx.doi.org/10.1002/uog.24091,,
vp59.44: machine learning to diagnose rectouterine pouch obliteration with the sliding sign on transvaginal ultrasound: a prospective study,Mathew Leonardi; G. Macais; Jodie C Avery; C. Panuccio; Gustavo Carneiro; M.L. Hull; George Condous,10.1002/uog.23327,http://dx.doi.org/10.1002/uog.23327,no,not an article
vp62.06: abstract withdrawn,I. Pelayo; J. Sancho; E. Cabezas; Belén Perez‐Mies; E Moratalla Bartolomé; C. del‐Valle‐Rubido; L.I. Abarca; José Luis Lázaro Galilea,10.1002/uog.23367,http://dx.doi.org/10.1002/uog.23367,no,
vp62.16: artificial intelligence in the detection of rectosigmoid deep endometriosis,Stefano Guerriero; Maria Angela Pascual; Ignacio Rodríguez; Silvia Ajossa; Manuela Neri; Eleonora Musa; Betlem Graupera; J. L. Alcazar,10.1002/uog.23377,http://dx.doi.org/10.1002/uog.23377,,
vp66.24: the adoption of radiomics and machine learning improves the diagnostic processes of women with ovarian masses (aroma study),V. Chiappa; G. Bogani; F. Bertolina; M. Interlenghi; C. Salvatore; M. Signorelli; I. Castiglioni; F. Raspagliesi,10.1002/uog.23482,http://dx.doi.org/10.1002/uog.23482,no,
vp66.25: triaging women with abnormal uterine bleeding in ambulatory care: results from the prospective ieta-1 cohort study,Jan Y Verbakel; Laure Wynants; R. Heremans; Lil Valentin; B. De Cock; Maria Angela Pascual; F. P. G. Leone; Povilas Sladkevicius; J. L. Alcazar; C. Van Pachterbeke; L. Jokubkiene; Elisabeth Epstein; Robert Fruscio; Tom Bourne; B. Van Calster; D. Timmerman; T. Van den Bosch,10.1002/uog.23483,http://dx.doi.org/10.1002/uog.23483,no,
world congress of perinatal medicine,Fatima Usman; Sanja Kupesic-Plavsic; Milan Stanojević; Aliyu Labaran; Dayyabu Labaran; Radu Vlădăreanu; Mona Zvâncă; Alexandra Munteanu; Mihaela Boț; Simona Vlădăreanu; Cristian Andrei; Ciprian Pop-Began,10.1515/jpm-2021-0310,http://dx.doi.org/10.1515/jpm-2021-0310,no,